,dia da semana,periodo de funcionamento,store_id
0,quinta-feira,10:00–22:00,0
1,sexta-feira,10:00–22:00,0
2,sábado,10:00–22:00,0
3,domingo,14:00–21:00,0
4,segunda-feira,10:00–22:00,0
5,terça-feira,10:00–22:00,0
6,quarta-feira,10:00–22:00,0
0,quinta-feira,10:00–22:00,4
1,sexta-feira,10:00–22:00,4
2,sábado,10:00–22:00,4
3,domingo,15:00–21:00,4
4,segunda-feira,10:00–22:00,4
5,terça-feira,10:00–22:00,4
6,quarta-feira,10:00–22:00,4
0,quinta-feira,10:00–22:00,6
1,sexta-feira,10:00–22:00,6
2,sábado,10:00–22:00,6
3,domingo,14:00–20:00,6
4,segunda-feira,10:00–22:00,6
5,terça-feira,10:00–22:00,6
6,quarta-feira,10:00–22:00,6
0,quinta-feira,10:00–19:30,8
1,sexta-feira,10:00–19:30,8
2,sábado,10:00–16:30,8
3,domingo,Fechado,8
4,segunda-feira,10:00–19:30,8
5,terça-feira,10:00–19:30,8
6,quarta-feira,10:00–19:30,8
0,quinta-feira,10:00–22:00,9
1,sexta-feira,10:00–22:00,9
2,sábado,10:00–22:00,9
3,domingo,14:00–21:00,9
4,segunda-feira,10:00–22:00,9
5,terça-feira,10:00–22:00,9
6,quarta-feira,10:00–22:00,9
0,quinta-feira,10:00–22:00,10
1,sexta-feira,10:00–22:00,10
2,sábado,10:00–22:00,10
3,domingo,14:00–21:00,10
4,segunda-feira,10:00–22:00,10
5,terça-feira,10:00–22:00,10
6,quarta-feira,10:00–22:00,10
0,quinta-feira,10:00–22:00,11
1,sexta-feira,10:00–22:00,11
2,sábado,10:00–22:00,11
3,domingo,14:00–21:00,11
4,segunda-feira,10:00–22:00,11
5,terça-feira,10:00–22:00,11
6,quarta-feira,10:00–22:00,11
0,quinta-feira,10:00–22:00,12
1,sexta-feira,10:00–22:00,12
2,sábado,10:00–22:00,12
3,domingo,15:00–21:00,12
4,segunda-feira,10:00–22:00,12
5,terça-feira,10:00–22:00,12
6,quarta-feira,10:00–22:00,12
0,quinta-feira,10:00–22:00,14
1,sexta-feira,10:00–22:00,14
2,sábado,10:00–22:00,14
3,domingo,14:00–21:00,14
4,segunda-feira,10:00–22:00,14
5,terça-feira,10:00–22:00,14
6,quarta-feira,10:00–22:00,14
0,quinta-feira,10:00–22:00,15
1,sexta-feira,10:00–22:00,15
2,sábado,10:00–22:00,15
3,domingo,14:00–21:00,15
4,segunda-feira,10:00–22:00,15
5,terça-feira,10:00–22:00,15
6,quarta-feira,10:00–22:00,15
0,quinta-feira,10:00–22:00,17
1,sexta-feira,10:00–22:00,17
2,sábado,10:00–22:00,17
3,domingo,14:00–21:00,17
4,segunda-feira,10:00–22:00,17
5,terça-feira,10:00–22:00,17
6,quarta-feira,10:00–22:00,17
0,quinta-feira,10:00–22:00,19
1,sexta-feira,10:00–22:00,19
2,sábado,10:00–22:00,19
3,domingo,10:00–22:00,19
4,segunda-feira,10:00–22:00,19
5,terça-feira,10:00–22:00,19
6,quarta-feira,10:00–22:00,19
0,quinta-feira,12:00–20:00,20
1,sexta-feira,12:00–20:00,20
2,sábado,12:00–20:00,20
3,domingo,Fechado,20
4,segunda-feira,12:00–20:00,20
5,terça-feira,12:00–20:00,20
6,quarta-feira,12:00–20:00,20
0,quinta-feira,10:00–22:00,25
1,sexta-feira,10:00–22:00,25
2,sábado,10:00–22:00,25
3,domingo,14:00–21:00,25
4,segunda-feira,10:00–22:00,25
5,terça-feira,10:00–22:00,25
6,quarta-feira,10:00–22:00,25
0,quinta-feira,10:00–22:00,26
1,sexta-feira,10:00–22:00,26
2,sábado,10:00–22:00,26
3,domingo,14:00–20:00,26
4,segunda-feira,10:00–22:00,26
5,terça-feira,10:00–22:00,26
6,quarta-feira,10:00–22:00,26
0,quinta-feira,10:00–22:00,28
1,sexta-feira,10:00–22:00,28
2,sábado,10:00–22:00,28
3,domingo,14:00–20:00,28
4,segunda-feira,10:00–22:00,28
5,terça-feira,10:00–22:00,28
6,quarta-feira,10:00–22:00,28
0,quinta-feira,10:00–22:00,30
1,sexta-feira,10:00–22:00,30
2,sábado,10:00–22:00,30
3,domingo,14:00–21:00,30
4,segunda-feira,10:00–22:00,30
5,terça-feira,10:00–22:00,30
6,quarta-feira,10:00–22:00,30
0,quinta-feira,10:00–19:30,31
1,sexta-feira,09:30–19:00,31
2,sábado,10:00–16:30,31
3,domingo,Fechado,31
4,segunda-feira,09:30–19:00,31
5,terça-feira,09:30–19:00,31
6,quarta-feira,09:30–19:00,31
0,quinta-feira,10:00–22:00,37
1,sexta-feira,10:00–22:00,37
2,sábado,10:00–22:00,37
3,domingo,14:00–21:00,37
4,segunda-feira,10:00–22:00,37
5,terça-feira,10:00–22:00,37
6,quarta-feira,10:00–22:00,37
0,quinta-feira,10:00–22:00,38
1,sexta-feira,10:00–22:00,38
2,sábado,10:00–22:00,38
3,domingo,14:00–21:00,38
4,segunda-feira,10:00–22:00,38
5,terça-feira,10:00–22:00,38
6,quarta-feira,10:00–22:00,38
0,quinta-feira,10:00–23:00,39
1,sexta-feira,10:00–23:00,39
2,sábado,10:00–23:00,39
3,domingo,11:00–22:00,39
4,segunda-feira,10:00–22:00,39
5,terça-feira,10:00–22:00,39
6,quarta-feira,10:00–22:00,39
0,quinta-feira,Fechado,45
1,sexta-feira,Fechado,45
2,sábado,Fechado,45
3,domingo,Fechado,45
4,segunda-feira,10:00–22:00,45
5,terça-feira,Fechado,45
6,quarta-feira,Fechado,45
0,quinta-feira,10:00–22:00,46
1,sexta-feira,10:00–22:00,46
2,sábado,10:00–22:00,46
3,domingo,14:00–21:00,46
4,segunda-feira,10:00–22:00,46
5,terça-feira,10:00–22:00,46
6,quarta-feira,10:00–22:00,46
0,quinta-feira,10:00–22:00,47
1,sexta-feira,10:00–22:00,47
2,sábado,10:00–22:00,47
3,domingo,12:00–22:00,47
4,segunda-feira,10:00–22:00,47
5,terça-feira,10:00–22:00,47
6,quarta-feira,10:00–22:00,47
0,quinta-feira,10:00–22:00,49
1,sexta-feira,10:00–22:00,49
2,sábado,10:00–22:00,49
3,domingo,14:00–22:00,49
4,segunda-feira,10:00–22:00,49
5,terça-feira,10:00–22:00,49
6,quarta-feira,10:00–22:00,49
0,quinta-feira,10:00–22:00,50
1,sexta-feira,10:00–22:00,50
2,sábado,10:00–22:00,50
3,domingo,Fechado,50
4,segunda-feira,10:00–22:00,50
5,terça-feira,10:00–22:00,50
6,quarta-feira,10:00–22:00,50
0,quinta-feira,10:00–22:00,53
1,sexta-feira,10:00–22:00,53
2,sábado,10:00–22:00,53
3,domingo,14:00–21:00,53
4,segunda-feira,10:00–22:00,53
5,terça-feira,10:00–22:00,53
6,quarta-feira,10:00–22:00,53
0,quinta-feira,10:00–22:00,54
1,sexta-feira,10:00–22:00,54
2,sábado,10:00–22:00,54
3,domingo,14:00–20:00,54
4,segunda-feira,10:00–22:00,54
5,terça-feira,10:00–22:00,54
6,quarta-feira,10:00–22:00,54
0,quinta-feira,10:00–22:00,56
1,sexta-feira,10:00–22:00,56
2,sábado,10:00–22:00,56
3,domingo,13:00–21:00,56
4,segunda-feira,10:00–22:00,56
5,terça-feira,10:00–22:00,56
6,quarta-feira,10:00–22:00,56
0,quinta-feira,10:00–22:00,58
1,sexta-feira,10:00–22:00,58
2,sábado,10:00–22:00,58
3,domingo,14:00–21:00,58
4,segunda-feira,10:00–22:00,58
5,terça-feira,10:00–22:00,58
6,quarta-feira,10:00–22:00,58
0,quinta-feira,10:00–22:00,59
1,sexta-feira,10:00–22:00,59
2,sábado,10:00–22:00,59
3,domingo,14:00–21:00,59
4,segunda-feira,10:00–22:00,59
5,terça-feira,10:00–22:00,59
6,quarta-feira,10:00–22:00,59
0,quinta-feira,10:00–22:00,62
1,sexta-feira,10:00–22:00,62
2,sábado,10:00–22:00,62
3,domingo,14:00–21:00,62
4,segunda-feira,10:00–22:00,62
5,terça-feira,10:00–22:00,62
6,quarta-feira,10:00–22:00,62
0,quinta-feira,10:00–22:00,65
1,sexta-feira,10:00–22:00,65
2,sábado,10:00–22:00,65
3,domingo,14:00–21:00,65
4,segunda-feira,10:00–22:00,65
5,terça-feira,10:00–22:00,65
6,quarta-feira,10:00–22:00,65
0,quinta-feira,10:00–22:00,66
1,sexta-feira,10:00–22:00,66
2,sábado,10:00–22:00,66
3,domingo,12:00–21:00,66
4,segunda-feira,10:00–22:00,66
5,terça-feira,10:00–22:00,66
6,quarta-feira,10:00–22:00,66
0,quinta-feira,08:00–18:00,68
1,sexta-feira,08:00–18:00,68
2,sábado,Fechado,68
3,domingo,Fechado,68
4,segunda-feira,08:00–18:00,68
5,terça-feira,08:00–18:00,68
6,quarta-feira,08:00–18:00,68
0,quinta-feira,10:00–22:00,69
1,sexta-feira,10:00–22:00,69
2,sábado,10:00–22:00,69
3,domingo,15:00–22:00,69
4,segunda-feira,10:00–22:00,69
5,terça-feira,10:00–22:00,69
6,quarta-feira,10:00–22:00,69
0,quinta-feira,10:00–22:00,71
1,sexta-feira,10:00–22:00,71
2,sábado,10:00–22:00,71
3,domingo,15:00–21:00,71
4,segunda-feira,10:00–22:00,71
5,terça-feira,10:00–22:00,71
6,quarta-feira,10:00–22:00,71
0,quinta-feira,11:00–22:00,72
1,sexta-feira,11:00–22:00,72
2,sábado,11:00–22:00,72
3,domingo,11:00–22:00,72
4,segunda-feira,11:00–22:00,72
5,terça-feira,11:00–22:00,72
6,quarta-feira,11:00–22:00,72
0,quinta-feira,10:00–23:00,73
1,sexta-feira,10:00–23:00,73
2,sábado,10:00–23:00,73
3,domingo,11:00–22:00,73
4,segunda-feira,10:00–22:00,73
5,terça-feira,10:00–22:00,73
6,quarta-feira,10:00–22:00,73
0,quinta-feira,10:00–22:00,74
1,sexta-feira,10:00–22:00,74
2,sábado,10:00–22:00,74
3,domingo,14:00–21:00,74
4,segunda-feira,10:00–22:00,74
5,terça-feira,10:00–22:00,74
6,quarta-feira,10:00–22:00,74
0,quinta-feira,10:00–22:00,75
1,sexta-feira,10:00–22:00,75
2,sábado,10:00–22:00,75
3,domingo,14:00–21:00,75
4,segunda-feira,10:00–22:00,75
5,terça-feira,10:00–22:00,75
6,quarta-feira,10:00–22:00,75
0,quinta-feira,10:00–22:00,76
1,sexta-feira,10:00–22:00,76
2,sábado,10:00–22:00,76
3,domingo,14:00–21:00,76
4,segunda-feira,10:00–22:00,76
5,terça-feira,10:00–22:00,76
6,quarta-feira,10:00–22:00,76
0,quinta-feira,10:00–22:00,77
1,sexta-feira,10:00–22:00,77
2,sábado,10:00–22:00,77
3,domingo,14:00–21:00,77
4,segunda-feira,10:00–22:00,77
5,terça-feira,10:00–22:00,77
6,quarta-feira,10:00–22:00,77
0,quinta-feira,10:00–22:00,78
1,sexta-feira,10:00–22:00,78
2,sábado,10:00–22:00,78
3,domingo,14:00–20:00,78
4,segunda-feira,10:00–22:00,78
5,terça-feira,10:00–22:00,78
6,quarta-feira,10:00–22:00,78
0,quinta-feira,12:00–22:00,79
1,sexta-feira,12:00–22:00,79
2,sábado,12:00–22:00,79
3,domingo,12:00–16:00,79
4,segunda-feira,12:00–22:00,79
5,terça-feira,12:00–22:00,79
6,quarta-feira,12:00–22:00,79
0,quinta-feira,10:00–22:00,80
1,sexta-feira,10:00–22:00,80
2,sábado,10:00–22:00,80
3,domingo,14:00–21:00,80
4,segunda-feira,10:00–22:00,80
5,terça-feira,10:00–22:00,80
6,quarta-feira,10:00–22:00,80
0,quinta-feira,10:00–22:00,81
1,sexta-feira,10:00–22:00,81
2,sábado,10:00–22:00,81
3,domingo,14:00–21:00,81
4,segunda-feira,10:00–22:00,81
5,terça-feira,10:00–22:00,81
6,quarta-feira,10:00–22:00,81
0,quinta-feira,10:00–22:00,83
1,sexta-feira,10:00–22:00,83
2,sábado,10:00–22:00,83
3,domingo,14:00–21:00,83
4,segunda-feira,10:00–22:00,83
5,terça-feira,10:00–22:00,83
6,quarta-feira,10:00–22:00,83
0,quinta-feira,12:00–20:00,84
1,sexta-feira,12:00–20:00,84
2,sábado,Fechado,84
3,domingo,Fechado,84
4,segunda-feira,12:00–20:00,84
5,terça-feira,12:00–20:00,84
6,quarta-feira,12:00–20:00,84
0,quinta-feira,10:00–22:00,86
1,sexta-feira,10:00–22:00,86
2,sábado,10:00–22:00,86
3,domingo,12:00–21:00,86
4,segunda-feira,10:00–22:00,86
5,terça-feira,10:00–22:00,86
6,quarta-feira,10:00–22:00,86
0,quinta-feira,12:00–20:00,87
1,sexta-feira,12:00–20:00,87
2,sábado,12:00–20:00,87
3,domingo,Fechado,87
4,segunda-feira,12:00–20:00,87
5,terça-feira,12:00–20:00,87
6,quarta-feira,12:00–20:00,87
0,quinta-feira,10:00–22:00,89
1,sexta-feira,10:00–22:00,89
2,sábado,10:00–22:00,89
3,domingo,14:00–21:00,89
4,segunda-feira,10:00–22:00,89
5,terça-feira,10:00–22:00,89
6,quarta-feira,10:00–22:00,89
0,quinta-feira,08:00–18:00,91
1,sexta-feira,08:00–18:00,91
2,sábado,Fechado,91
3,domingo,Fechado,91
4,segunda-feira,08:00–18:00,91
5,terça-feira,08:00–18:00,91
6,quarta-feira,08:00–18:00,91
0,quinta-feira,10:00–22:00,94
1,sexta-feira,10:00–22:00,94
2,sábado,10:00–22:00,94
3,domingo,14:00–21:00,94
4,segunda-feira,10:00–22:00,94
5,terça-feira,10:00–22:00,94
6,quarta-feira,10:00–22:00,94
0,quinta-feira,10:00–22:00,97
1,sexta-feira,10:00–22:00,97
2,sábado,10:00–22:00,97
3,domingo,15:00–21:00,97
4,segunda-feira,10:00–22:00,97
5,terça-feira,10:00–22:00,97
6,quarta-feira,10:00–22:00,97
0,quinta-feira,10:00–22:00,98
1,sexta-feira,10:00–22:00,98
2,sábado,10:00–22:00,98
3,domingo,14:00–21:00,98
4,segunda-feira,10:00–22:00,98
5,terça-feira,10:00–22:00,98
6,quarta-feira,10:00–22:00,98
0,quinta-feira,10:00–22:00,99
1,sexta-feira,10:00–22:00,99
2,sábado,10:00–22:00,99
3,domingo,13:00–21:00,99
4,segunda-feira,10:00–22:00,99
5,terça-feira,10:00–22:00,99
6,quarta-feira,10:00–22:00,99
0,quinta-feira,10:00–22:00,102
1,sexta-feira,10:00–22:00,102
2,sábado,10:00–22:00,102
3,domingo,14:00–21:00,102
4,segunda-feira,10:00–22:00,102
5,terça-feira,10:00–22:00,102
6,quarta-feira,10:00–22:00,102
0,quinta-feira,11:30–00:00,103
1,sexta-feira,11:30–00:00,103
2,sábado,11:30–00:00,103
3,domingo,12:00–00:00,103
4,segunda-feira,11:30–00:00,103
5,terça-feira,11:30–00:00,103
6,quarta-feira,11:30–00:00,103
0,quinta-feira,10:00–22:00,105
1,sexta-feira,10:00–22:00,105
2,sábado,10:00–22:00,105
3,domingo,14:00–21:00,105
4,segunda-feira,10:00–22:00,105
5,terça-feira,10:00–22:00,105
6,quarta-feira,10:00–22:00,105
0,quinta-feira,10:00–22:00,106
1,sexta-feira,10:00–22:00,106
2,sábado,10:00–22:00,106
3,domingo,14:00–20:00,106
4,segunda-feira,10:00–22:00,106
5,terça-feira,10:00–22:00,106
6,quarta-feira,10:00–22:00,106
0,quinta-feira,10:00–22:00,107
1,sexta-feira,10:00–22:00,107
2,sábado,10:00–22:00,107
3,domingo,13:00–21:00,107
4,segunda-feira,10:00–22:00,107
5,terça-feira,10:00–22:00,107
6,quarta-feira,10:00–22:00,107
0,quinta-feira,10:00–22:00,108
1,sexta-feira,10:00–22:00,108
2,sábado,10:00–22:00,108
3,domingo,14:00–20:00,108
4,segunda-feira,10:00–22:00,108
5,terça-feira,10:00–22:00,108
6,quarta-feira,10:00–22:00,108
0,quinta-feira,10:00–22:00,110
1,sexta-feira,10:00–22:00,110
2,sábado,10:00–22:00,110
3,domingo,15:00–21:00,110
4,segunda-feira,10:00–22:00,110
5,terça-feira,10:00–22:00,110
6,quarta-feira,10:00–22:00,110
0,quinta-feira,10:00–22:00,111
1,sexta-feira,10:00–22:00,111
2,sábado,10:00–22:00,111
3,domingo,10:00–22:00,111
4,segunda-feira,10:00–22:00,111
5,terça-feira,10:00–22:00,111
6,quarta-feira,10:00–22:00,111
0,quinta-feira,10:00–22:00,115
1,sexta-feira,10:00–22:00,115
2,sábado,10:00–22:00,115
3,domingo,15:00–21:00,115
4,segunda-feira,10:00–22:00,115
5,terça-feira,10:00–22:00,115
6,quarta-feira,10:00–22:00,115
0,quinta-feira,10:00–22:00,116
1,sexta-feira,10:00–22:00,116
2,sábado,10:00–22:00,116
3,domingo,14:00–20:00,116
4,segunda-feira,10:00–22:00,116
5,terça-feira,10:00–22:00,116
6,quarta-feira,10:00–22:00,116
0,quinta-feira,10:00–22:00,117
1,sexta-feira,10:00–22:00,117
2,sábado,10:00–22:00,117
3,domingo,11:00–21:00,117
4,segunda-feira,10:00–22:00,117
5,terça-feira,10:00–22:00,117
6,quarta-feira,10:00–22:00,117
0,quinta-feira,10:00–22:00,120
1,sexta-feira,10:00–22:00,120
2,sábado,10:00–22:00,120
3,domingo,14:00–20:00,120
4,segunda-feira,10:00–22:00,120
5,terça-feira,10:00–22:00,120
6,quarta-feira,10:00–22:00,120
0,quinta-feira,10:00–22:00,121
1,sexta-feira,10:00–22:00,121
2,sábado,10:00–22:00,121
3,domingo,14:00–20:00,121
4,segunda-feira,10:00–22:00,121
5,terça-feira,10:00–22:00,121
6,quarta-feira,10:00–22:00,121
0,quinta-feira,10:00–22:00,122
1,sexta-feira,10:00–22:00,122
2,sábado,10:00–22:00,122
3,domingo,14:00–21:00,122
4,segunda-feira,10:00–22:00,122
5,terça-feira,10:00–22:00,122
6,quarta-feira,10:00–22:00,122
0,quinta-feira,10:00–22:00,123
1,sexta-feira,10:00–22:00,123
2,sábado,10:00–22:00,123
3,domingo,14:00–20:00,123
4,segunda-feira,10:00–22:00,123
5,terça-feira,10:00–22:00,123
6,quarta-feira,10:00–22:00,123
0,quinta-feira,10:00–22:00,124
1,sexta-feira,10:00–22:00,124
2,sábado,10:00–22:00,124
3,domingo,10:00–22:00,124
4,segunda-feira,10:00–22:00,124
5,terça-feira,10:00–22:00,124
6,quarta-feira,10:00–22:00,124
0,quinta-feira,10:00–22:00,126
1,sexta-feira,10:00–22:00,126
2,sábado,10:00–22:00,126
3,domingo,14:00–20:00,126
4,segunda-feira,10:00–22:00,126
5,terça-feira,10:00–22:00,126
6,quarta-feira,10:00–22:00,126
0,quinta-feira,10:00–22:00,127
1,sexta-feira,10:00–22:00,127
2,sábado,10:00–22:00,127
3,domingo,14:00–21:00,127
4,segunda-feira,10:00–22:00,127
5,terça-feira,10:00–22:00,127
6,quarta-feira,10:00–22:00,127
0,quinta-feira,10:00–22:00,129
1,sexta-feira,10:00–22:00,129
2,sábado,10:00–22:00,129
3,domingo,14:00–21:00,129
4,segunda-feira,10:00–22:00,129
5,terça-feira,10:00–22:00,129
6,quarta-feira,10:00–22:00,129
0,quinta-feira,10:00–22:00,130
1,sexta-feira,10:00–22:00,130
2,sábado,10:00–22:00,130
3,domingo,11:00–21:00,130
4,segunda-feira,10:00–22:00,130
5,terça-feira,10:00–22:00,130
6,quarta-feira,10:00–22:00,130
0,quinta-feira,10:00–21:00,131
1,sexta-feira,10:00–21:00,131
2,sábado,10:00–21:00,131
3,domingo,14:00–21:00,131
4,segunda-feira,10:00–21:00,131
5,terça-feira,10:00–21:00,131
6,quarta-feira,10:00–21:00,131
0,quinta-feira,10:00–22:00,132
1,sexta-feira,10:00–22:00,132
2,sábado,10:00–22:00,132
3,domingo,14:00–21:00,132
4,segunda-feira,10:00–22:00,132
5,terça-feira,10:00–22:00,132
6,quarta-feira,10:00–22:00,132
0,quinta-feira,10:00–22:00,133
1,sexta-feira,10:00–22:00,133
2,sábado,10:00–22:00,133
3,domingo,14:00–21:00,133
4,segunda-feira,10:00–22:00,133
5,terça-feira,10:00–22:00,133
6,quarta-feira,10:00–22:00,133
0,quinta-feira,11:00–22:00,134
1,sexta-feira,11:00–23:00,134
2,sábado,11:00–23:00,134
3,domingo,11:00–22:00,134
4,segunda-feira,11:00–22:00,134
5,terça-feira,11:00–22:00,134
6,quarta-feira,11:00–22:00,134
0,quinta-feira,10:00–22:00,137
1,sexta-feira,10:00–22:00,137
2,sábado,10:00–22:00,137
3,domingo,15:00–21:00,137
4,segunda-feira,10:00–22:00,137
5,terça-feira,10:00–22:00,137
6,quarta-feira,10:00–22:00,137
0,quinta-feira,10:00–22:00,142
1,sexta-feira,10:00–22:00,142
2,sábado,10:00–22:00,142
3,domingo,10:00–22:00,142
4,segunda-feira,10:00–22:00,142
5,terça-feira,10:00–22:00,142
6,quarta-feira,10:00–22:00,142
0,quinta-feira,10:00–22:00,143
1,sexta-feira,10:00–22:00,143
2,sábado,10:00–22:00,143
3,domingo,14:00–21:00,143
4,segunda-feira,10:00–22:00,143
5,terça-feira,10:00–22:00,143
6,quarta-feira,10:00–22:00,143
0,quinta-feira,10:00–22:00,144
1,sexta-feira,10:00–22:00,144
2,sábado,Fechado,144
3,domingo,Fechado,144
4,segunda-feira,10:00–22:00,144
5,terça-feira,10:00–22:00,144
6,quarta-feira,10:00–22:00,144
0,quinta-feira,10:00–22:00,146
1,sexta-feira,10:00–22:00,146
2,sábado,10:00–21:00,146
3,domingo,15:00–21:00,146
4,segunda-feira,10:00–22:00,146
5,terça-feira,10:00–22:00,146
6,quarta-feira,10:00–22:00,146
0,quinta-feira,10:00–22:00,148
1,sexta-feira,10:00–22:00,148
2,sábado,10:00–22:00,148
3,domingo,14:00–22:00,148
4,segunda-feira,10:00–22:00,148
5,terça-feira,10:00–22:00,148
6,quarta-feira,10:00–22:00,148
0,quinta-feira,10:00–21:00,149
1,sexta-feira,10:00–21:00,149
2,sábado,10:00–21:00,149
3,domingo,Fechado,149
4,segunda-feira,10:00–21:00,149
5,terça-feira,10:00–21:00,149
6,quarta-feira,10:00–21:00,149
0,quinta-feira,10:00–22:00,150
1,sexta-feira,10:00–22:00,150
2,sábado,10:00–22:00,150
3,domingo,14:00–21:00,150
4,segunda-feira,10:00–22:00,150
5,terça-feira,10:00–22:00,150
6,quarta-feira,10:00–22:00,150
0,quinta-feira,10:00–22:00,151
1,sexta-feira,10:00–22:00,151
2,sábado,10:00–22:00,151
3,domingo,14:00–21:00,151
4,segunda-feira,10:00–22:00,151
5,terça-feira,10:00–22:00,151
6,quarta-feira,10:00–22:00,151
0,quinta-feira,10:00–22:00,152
1,sexta-feira,10:00–22:00,152
2,sábado,10:00–22:00,152
3,domingo,12:00–21:00,152
4,segunda-feira,10:00–22:00,152
5,terça-feira,10:00–22:00,152
6,quarta-feira,10:00–22:00,152
0,quinta-feira,12:00–20:00,154
1,sexta-feira,12:00–20:00,154
2,sábado,12:00–20:00,154
3,domingo,Fechado,154
4,segunda-feira,12:00–20:00,154
5,terça-feira,12:00–20:00,154
6,quarta-feira,12:00–20:00,154
0,quinta-feira,10:00–22:00,155
1,sexta-feira,10:00–22:00,155
2,sábado,10:00–22:00,155
3,domingo,15:00–21:00,155
4,segunda-feira,10:00–22:00,155
5,terça-feira,10:00–22:00,155
6,quarta-feira,10:00–22:00,155
0,quinta-feira,10:00–22:00,157
1,sexta-feira,10:00–22:00,157
2,sábado,10:00–22:00,157
3,domingo,14:00–21:00,157
4,segunda-feira,10:00–22:00,157
5,terça-feira,10:00–22:00,157
6,quarta-feira,10:00–22:00,157
0,quinta-feira,10:00–22:00,158
1,sexta-feira,10:00–22:00,158
2,sábado,10:00–22:00,158
3,domingo,14:00–21:00,158
4,segunda-feira,10:00–22:00,158
5,terça-feira,10:00–22:00,158
6,quarta-feira,10:00–22:00,158
0,quinta-feira,14:00–20:00,159
1,sexta-feira,14:00–20:00,159
2,sábado,Fechado,159
3,domingo,Fechado,159
4,segunda-feira,14:00–20:00,159
5,terça-feira,14:00–20:00,159
6,quarta-feira,14:00–20:00,159
0,quinta-feira,10:00–22:00,160
1,sexta-feira,10:00–22:00,160
2,sábado,10:00–22:00,160
3,domingo,14:00–21:00,160
4,segunda-feira,10:00–22:00,160
5,terça-feira,10:00–22:00,160
6,quarta-feira,10:00–22:00,160
0,quinta-feira,10:00–22:00,161
1,sexta-feira,10:00–22:00,161
2,sábado,10:00–22:00,161
3,domingo,15:00–21:00,161
4,segunda-feira,10:00–22:00,161
5,terça-feira,10:00–22:00,161
6,quarta-feira,10:00–22:00,161
0,quinta-feira,10:00–22:00,163
1,sexta-feira,10:00–22:00,163
2,sábado,10:00–22:00,163
3,domingo,15:00–21:00,163
4,segunda-feira,10:00–22:00,163
5,terça-feira,10:00–22:00,163
6,quarta-feira,10:00–22:00,163
0,quinta-feira,11:45–22:00,164
1,sexta-feira,11:45–22:00,164
2,sábado,11:45–22:00,164
3,domingo,11:45–16:00,164
4,segunda-feira,11:45–22:00,164
5,terça-feira,11:45–22:00,164
6,quarta-feira,11:45–22:00,164
0,quinta-feira,10:00–22:00,166
1,sexta-feira,10:00–22:00,166
2,sábado,10:00–22:00,166
3,domingo,10:00–22:00,166
4,segunda-feira,10:00–22:00,166
5,terça-feira,10:00–22:00,166
6,quarta-feira,10:00–22:00,166
0,quinta-feira,14:00–20:00,168
1,sexta-feira,14:00–20:00,168
2,sábado,14:00–20:00,168
3,domingo,14:00–20:00,168
4,segunda-feira,14:00–20:00,168
5,terça-feira,14:00–20:00,168
6,quarta-feira,14:00–20:00,168
0,quinta-feira,10:00–22:00,169
1,sexta-feira,10:00–22:00,169
2,sábado,10:00–22:00,169
3,domingo,12:00–21:00,169
4,segunda-feira,10:00–22:00,169
5,terça-feira,10:00–22:00,169
6,quarta-feira,10:00–22:00,169
0,quinta-feira,08:00–18:00,170
1,sexta-feira,08:00–18:00,170
2,sábado,08:00–18:00,170
3,domingo,Fechado,170
4,segunda-feira,08:00–18:00,170
5,terça-feira,08:00–18:00,170
6,quarta-feira,08:00–18:00,170
0,quinta-feira,09:00–19:00,173
1,sexta-feira,09:00–19:00,173
2,sábado,09:00–18:00,173
3,domingo,Fechado,173
4,segunda-feira,09:00–19:00,173
5,terça-feira,09:00–19:00,173
6,quarta-feira,09:00–19:00,173
0,quinta-feira,10:00–22:00,174
1,sexta-feira,10:00–22:00,174
2,sábado,10:00–22:00,174
3,domingo,14:00–21:00,174
4,segunda-feira,10:00–22:00,174
5,terça-feira,10:00–22:00,174
6,quarta-feira,10:00–22:00,174
0,quinta-feira,10:00–22:00,176
1,sexta-feira,10:00–22:00,176
2,sábado,10:00–22:00,176
3,domingo,15:00–21:00,176
4,segunda-feira,10:00–22:00,176
5,terça-feira,10:00–22:00,176
6,quarta-feira,10:00–22:00,176
0,quinta-feira,10:00–22:00,180
1,sexta-feira,10:00–22:00,180
2,sábado,10:00–22:00,180
3,domingo,14:00–21:00,180
4,segunda-feira,10:00–22:00,180
5,terça-feira,10:00–22:00,180
6,quarta-feira,10:00–22:00,180
0,quinta-feira,10:00–22:00,181
1,sexta-feira,10:00–22:00,181
2,sábado,10:00–22:00,181
3,domingo,14:00–21:00,181
4,segunda-feira,10:00–22:00,181
5,terça-feira,10:00–22:00,181
6,quarta-feira,10:00–22:00,181
0,quinta-feira,10:00–22:00,182
1,sexta-feira,10:00–22:00,182
2,sábado,10:00–22:00,182
3,domingo,11:00–22:00,182
4,segunda-feira,10:00–22:00,182
5,terça-feira,10:00–22:00,182
6,quarta-feira,10:00–22:00,182
0,quinta-feira,10:00–22:00,183
1,sexta-feira,10:00–22:00,183
2,sábado,10:00–22:00,183
3,domingo,13:00–21:00,183
4,segunda-feira,10:00–22:00,183
5,terça-feira,10:00–22:00,183
6,quarta-feira,10:00–22:00,183
0,quinta-feira,10:00–22:00,184
1,sexta-feira,10:00–22:00,184
2,sábado,10:00–22:00,184
3,domingo,13:00–20:00,184
4,segunda-feira,10:00–22:00,184
5,terça-feira,10:00–22:00,184
6,quarta-feira,10:00–22:00,184
0,quinta-feira,10:00–21:30,185
1,sexta-feira,10:00–21:30,185
2,sábado,10:00–21:30,185
3,domingo,14:00–20:30,185
4,segunda-feira,10:00–21:30,185
5,terça-feira,10:00–21:30,185
6,quarta-feira,10:00–21:30,185
0,quinta-feira,10:00–22:00,186
1,sexta-feira,10:00–22:00,186
2,sábado,10:00–22:00,186
3,domingo,14:00–21:00,186
4,segunda-feira,10:00–22:00,186
5,terça-feira,10:00–22:00,186
6,quarta-feira,10:00–22:00,186
0,quinta-feira,09:00–19:00,187
1,sexta-feira,09:00–19:00,187
2,sábado,09:00–14:00,187
3,domingo,Fechado,187
4,segunda-feira,09:00–19:00,187
5,terça-feira,09:00–19:00,187
6,quarta-feira,09:00–19:00,187
0,quinta-feira,10:00–22:00,188
1,sexta-feira,10:00–22:00,188
2,sábado,10:00–22:00,188
3,domingo,15:00–21:00,188
4,segunda-feira,10:00–22:00,188
5,terça-feira,10:00–22:00,188
6,quarta-feira,10:00–22:00,188
0,quinta-feira,10:00–22:00,189
1,sexta-feira,10:00–22:00,189
2,sábado,10:00–22:00,189
3,domingo,14:00–21:00,189
4,segunda-feira,10:00–22:00,189
5,terça-feira,10:00–22:00,189
6,quarta-feira,10:00–22:00,189
0,quinta-feira,10:00–22:00,190
1,sexta-feira,10:00–22:00,190
2,sábado,10:00–22:00,190
3,domingo,14:00–21:00,190
4,segunda-feira,10:00–22:00,190
5,terça-feira,10:00–22:00,190
6,quarta-feira,10:00–22:00,190
0,quinta-feira,10:00–22:00,192
1,sexta-feira,10:00–22:00,192
2,sábado,10:00–22:00,192
3,domingo,13:00–21:00,192
4,segunda-feira,10:00–22:00,192
5,terça-feira,10:00–22:00,192
6,quarta-feira,10:00–22:00,192
0,quinta-feira,10:00–22:00,193
1,sexta-feira,10:00–22:00,193
2,sábado,10:00–22:00,193
3,domingo,13:00–21:00,193
4,segunda-feira,10:00–22:00,193
5,terça-feira,10:00–22:00,193
6,quarta-feira,10:00–22:00,193
0,quinta-feira,10:00–22:00,194
1,sexta-feira,10:00–22:00,194
2,sábado,10:00–22:00,194
3,domingo,14:00–21:00,194
4,segunda-feira,10:00–22:00,194
5,terça-feira,10:00–22:00,194
6,quarta-feira,10:00–22:00,194
0,quinta-feira,10:00–22:00,195
1,sexta-feira,10:00–22:00,195
2,sábado,10:00–22:00,195
3,domingo,14:00–21:00,195
4,segunda-feira,10:00–22:00,195
5,terça-feira,10:00–22:00,195
6,quarta-feira,10:00–22:00,195
0,quinta-feira,10:00–22:00,196
1,sexta-feira,10:00–22:00,196
2,sábado,10:00–22:00,196
3,domingo,15:00–21:00,196
4,segunda-feira,10:00–22:00,196
5,terça-feira,10:00–22:00,196
6,quarta-feira,10:00–22:00,196
0,quinta-feira,10:00–22:00,197
1,sexta-feira,10:00–22:00,197
2,sábado,10:00–22:00,197
3,domingo,12:00–21:00,197
4,segunda-feira,10:00–22:00,197
5,terça-feira,10:00–22:00,197
6,quarta-feira,10:00–22:00,197
0,quinta-feira,10:00–22:00,200
1,sexta-feira,10:00–22:00,200
2,sábado,10:00–22:00,200
3,domingo,15:00–21:00,200
4,segunda-feira,10:00–22:00,200
5,terça-feira,10:00–22:00,200
6,quarta-feira,10:00–22:00,200
0,quinta-feira,10:00–22:00,201
1,sexta-feira,10:00–22:00,201
2,sábado,10:00–22:00,201
3,domingo,10:00–22:00,201
4,segunda-feira,10:00–22:00,201
5,terça-feira,10:00–22:00,201
6,quarta-feira,10:00–22:00,201
0,quinta-feira,10:00–22:00,202
1,sexta-feira,10:00–22:00,202
2,sábado,10:00–22:00,202
3,domingo,14:00–21:00,202
4,segunda-feira,10:00–22:00,202
5,terça-feira,10:00–22:00,202
6,quarta-feira,10:00–22:00,202
0,quinta-feira,10:00–21:50,204
1,sexta-feira,10:00–21:50,204
2,sábado,10:00–21:50,204
3,domingo,14:00–20:50,204
4,segunda-feira,10:00–21:50,204
5,terça-feira,10:00–21:50,204
6,quarta-feira,10:00–21:50,204
0,quinta-feira,10:00–22:00,205
1,sexta-feira,10:00–22:00,205
2,sábado,10:00–22:00,205
3,domingo,14:00–21:00,205
4,segunda-feira,10:00–22:00,205
5,terça-feira,10:00–22:00,205
6,quarta-feira,10:00–22:00,205
0,quinta-feira,10:00–22:00,206
1,sexta-feira,10:00–22:00,206
2,sábado,10:00–22:00,206
3,domingo,14:00–21:00,206
4,segunda-feira,10:00–22:00,206
5,terça-feira,10:00–22:00,206
6,quarta-feira,10:00–22:00,206
0,quinta-feira,12:00–20:00,207
1,sexta-feira,12:00–20:00,207
2,sábado,12:00–20:00,207
3,domingo,Fechado,207
4,segunda-feira,12:00–20:00,207
5,terça-feira,12:00–20:00,207
6,quarta-feira,12:00–20:00,207
0,quinta-feira,10:00–22:00,208
1,sexta-feira,10:00–22:00,208
2,sábado,10:00–22:00,208
3,domingo,14:00–21:00,208
4,segunda-feira,10:00–22:00,208
5,terça-feira,10:00–22:00,208
6,quarta-feira,10:00–22:00,208
0,quinta-feira,12:00–20:00,209
1,sexta-feira,12:00–20:00,209
2,sábado,Fechado,209
3,domingo,Fechado,209
4,segunda-feira,12:00–20:00,209
5,terça-feira,12:00–20:00,209
6,quarta-feira,12:00–20:00,209
